,City Name,Temp,Humidity,Cloudiness,Wind Speed,Latitude,Longitude,Country,Max Temp,Date
0,Mount Gambier,48.72,90,76,8.63,-37.83,140.78,AU,48.72,1533524821
1,Port Elizabeth,79.72,83,1,3.36,39.31,-74.98,US,80.6,1533524100
2,Port Hedland,68.0,16,0,20.8,-20.31,118.58,AU,68.0,1533521640
3,Kodiak,86.0,48,1,10.29,39.95,-94.76,US,86.0,1533520380
4,Port Blair,82.02,100,92,30.11,11.67,92.75,IN,82.02,1533524822
5,Bend,81.52,28,1,5.82,44.06,-121.32,US,82.4,1533524160
6,Chambery,68.95,82,0,8.05,45.57,5.93,FR,73.4,1533524400
7,Katangli,60.87,79,0,8.97,51.71,143.23,RU,60.87,1533524824
8,Qiongshan,86.0,79,40,4.47,20.01,110.35,CN,86.0,1533520800
9,Leningradskiy,36.57,98,80,7.52,69.38,178.42,RU,36.57,1533524824
10,Hermanus,49.62,82,48,9.75,-34.42,19.24,ZA,49.62,1533524686
11,Atuona,79.77,99,0,20.6,-9.8,-139.03,PF,79.77,1533524825
12,Port Alfred,51.42,100,0,4.94,-33.59,26.89,ZA,51.42,1533524825
13,Papara,80.6,78,75,13.87,-3.98,-38.73,BR,80.6,1533524400
14,Punta Arenas,32.0,100,90,6.93,-53.16,-70.91,CL,32.0,1533520800
15,Ushuaia,32.0,100,0,5.82,-54.81,-68.31,AR,32.0,1533520800
16,Georgetown,77.0,94,0,4.7,6.8,-58.16,GY,77.0,1533520800
17,Ukiah,86.0,13,1,8.05,39.15,-123.21,US,86.0,1533520560
18,Hilo,78.55,74,75,11.41,19.71,-155.08,US,80.6,1533520560
19,Albany,70.56,83,20,3.04,42.65,-73.75,US,75.2,1533524040
20,Husavik,59.16,88,0,10.76,50.56,-96.99,CA,59.16,1533524829
21,Nikolskoye,62.6,93,20,6.71,59.7,30.79,RU,62.6,1533522600
22,Pisco,62.6,82,90,9.17,-13.71,-76.2,PE,62.6,1533520800
23,Cabedelo,69.8,106,20,4.7,-6.97,-34.84,BR,69.8,1533520800
24,Tarko-Sale,52.59,89,48,6.17,64.92,77.78,RU,52.59,1533524831
25,Hobart,53.6,71,75,8.05,-42.88,147.33,AU,53.6,1533520800
26,Honiara,86.0,58,20,8.05,-9.43,159.96,SB,86.0,1533524400
27,Cape Town,51.8,87,20,13.87,-33.93,18.42,ZA,51.8,1533520800
28,Ribeira Grande,71.76,100,0,10.42,38.52,-28.7,PT,71.76,1533524833
29,Nanortalik,39.81,100,56,8.97,60.14,-45.24,GL,39.81,1533524833
30,Vostochnyy,60.78,88,0,8.95,55.82,37.87,RU,62.6,1533522600
31,Lata,61.68,100,92,0.92,30.78,78.62,IN,61.68,1533524834
32,Kushima,88.48,66,40,6.93,31.5,131.29,JP,91.4,1533520800
33,Acapulco,80.6,78,90,9.17,16.86,-99.88,MX,80.6,1533519780
34,Sur,87.51,78,0,5.84,22.57,59.53,OM,87.51,1533524835
35,Kapaa,83.39,78,75,16.11,22.08,-159.32,US,84.2,1533520560
36,Vestmannaeyjar,52.23,85,100,15.68,63.44,-20.27,IS,52.23,1533524836
37,Carnarvon,20.37,67,0,2.59,-30.97,22.13,ZA,20.37,1533524837
38,Tupik,67.8,57,12,4.94,54.43,119.94,RU,67.8,1533524837
39,Vaini,70.05,98,92,10.98,15.34,74.49,IN,70.05,1533524837
40,La Sarre,66.09,84,64,10.98,48.8,-79.2,CA,66.09,1533524838
41,Zyryanka,57.81,56,0,3.38,65.73,150.89,RU,57.81,1533524838
42,Castro,47.64,100,92,3.49,-42.48,-73.76,CL,47.64,1533524839
43,Tasiilaq,44.49,97,8,0.58,65.61,-37.64,GL,44.49,1533524839
44,Cidreira,50.25,93,0,8.41,-30.17,-50.22,BR,50.25,1533524840
45,Dikson,40.62,99,92,17.81,73.51,80.55,RU,40.62,1533524686
46,Luderitz,48.99,93,0,10.42,-26.65,15.16,NA,48.99,1533524841
47,Souillac,70.68,60,0,6.93,45.6,-0.6,FR,71.6,1533524400
48,Rikitea,75.99,95,0,17.81,-23.12,-134.97,PF,75.99,1533524836
49,Mataura,50.7,84,24,4.38,-46.19,168.86,NZ,50.7,1533524842
50,Strezhevoy,55.4,87,0,4.47,60.73,77.6,RU,55.4,1533522600
51,Bredasdorp,55.92,94,20,25.19,-34.53,20.04,ZA,55.92,1533524843
52,Clyde River,37.4,93,90,11.41,70.47,-68.59,CA,37.4,1533520800
53,Kahului,82.85,58,40,20.8,20.89,-156.47,US,86.0,1533520560
54,Upernavik,42.78,86,8,12.33,72.79,-56.15,GL,42.78,1533524844
55,Bafq,73.02,27,0,3.15,31.6,55.4,IR,73.02,1533524845
56,Trat,77.0,100,90,8.05,12.25,102.51,TH,77.0,1533520800
57,Sisimiut,38.1,98,0,1.7,66.94,-53.67,GL,38.1,1533524846
58,Yellowknife,59.0,87,90,4.7,62.45,-114.38,CA,59.0,1533522120
59,Deputatskiy,56.28,45,0,4.38,69.3,139.9,RU,56.28,1533524847
60,Yzeure,66.2,77,0,3.38,46.57,3.36,FR,66.2,1533524400
61,Arraial do Cabo,68.61,100,32,7.63,-22.97,-42.02,BR,68.61,1533524701
62,Makakilo City,81.5,65,75,8.05,21.35,-158.09,US,82.4,1533521400
63,Muzhi,53.94,65,32,10.54,65.4,64.7,RU,53.94,1533524848
64,Tiksi,53.31,73,0,10.98,71.64,128.87,RU,53.31,1533524849
65,Hami,80.94,64,0,8.63,42.84,93.51,CN,80.94,1533524849
66,Jamestown,46.56,94,80,18.81,-33.21,138.6,AU,46.56,1533524685
67,Pio IX,77.07,40,80,8.3,-6.83,-40.61,BR,77.07,1533524851
68,Lazarev,68.43,73,0,13.0,52.23,141.51,RU,68.43,1533524851
69,Namibe,64.56,99,0,12.66,-15.19,12.15,AO,64.56,1533524852
70,Lagoa,78.8,50,0,2.24,37.14,-8.45,PT,78.8,1533522600
71,Puerto Ayora,70.23,100,80,12.77,-0.74,-90.35,EC,70.23,1533524691
72,Ponta Delgada,69.8,73,75,8.05,37.73,-25.67,PT,69.8,1533522600
73,Avrille,64.4,77,0,2.24,47.5,-0.58,FR,64.4,1533524400
74,Tuktoyaktuk,44.6,100,90,8.05,69.44,-133.03,CA,44.6,1533520800
75,Salalah,77.0,94,75,5.82,17.01,54.1,OM,77.0,1533520200
76,Bluff,75.72,52,64,10.09,-23.58,149.07,AU,75.72,1533524854
77,Agadez,73.65,82,0,9.42,16.97,7.99,NE,73.65,1533524854
78,Mwandiga,62.6,88,0,7.63,-4.84,29.66,TZ,62.6,1533520800
79,Bubaque,77.0,94,40,5.82,11.28,-15.83,GW,77.0,1533520800
80,Lompoc,67.68,43,1,10.29,34.64,-120.46,US,73.4,1533522900
81,College,60.15,87,90,9.17,64.86,-147.8,US,60.8,1533520740
82,Mareeba,78.8,69,75,11.41,-16.99,145.42,AU,78.8,1533524400
83,Tselinnoye,73.74,96,0,7.63,45.9,34.18,UA,73.74,1533524856
84,Victoria,80.91,100,75,14.0,5.28,115.24,BN,82.4,1533520800
85,Saint-Pierre,65.53,72,0,4.7,48.95,4.24,FR,68.0,1533524400
86,Mar del Plata,45.39,85,32,5.17,-46.43,-67.52,AR,45.39,1533524855
87,Ridgecrest,98.6,9,1,17.22,35.62,-117.67,US,98.6,1533520560
88,Blackwater,60.31,82,0,2.24,51.33,-0.78,GB,62.6,1533523800
89,Cap Malheureux,68.0,64,20,9.17,-19.98,57.61,MU,68.0,1533520800
90,Launceston,48.2,87,75,6.93,-41.43,147.14,AU,48.2,1533520800
91,Broken Hill,57.27,52,20,22.28,-31.97,141.45,AU,57.27,1533524860
92,Gat,77.79,92,92,8.63,14.69,-16.54,SN,77.79,1533524860
93,Hambantota,82.65,90,20,19.71,6.12,81.12,LK,82.65,1533524754
94,Lebu,55.4,87,90,4.7,8.96,38.73,ET,55.4,1533520800
95,Frederikshavn,62.76,100,20,24.85,57.44,10.53,DK,62.76,1533524862
96,New Norfolk,55.4,66,75,10.29,-42.78,147.06,AU,55.4,1533522600
97,Shanhetun,76.62,72,92,5.61,44.7,127.2,CN,76.62,1533524863
98,Katsuura,92.84,53,20,10.29,33.93,134.5,JP,95.0,1533523200
99,Umea,53.6,81,40,9.17,63.83,20.26,SE,53.6,1533523800
100,Kuching,86.0,70,75,10.29,1.56,110.34,MY,86.0,1533522600
101,Nouadhibou,72.75,83,56,18.37,20.93,-17.03,MR,72.75,1533524864
102,Baraboo,71.62,94,40,2.71,43.47,-89.74,US,73.4,1533524160
103,Celestun,84.45,98,0,15.68,20.87,-90.4,MX,84.45,1533524865
104,Palm Valley,82.11,94,1,6.93,26.2,-97.75,US,84.2,1533524100
105,Nawalgarh,86.34,60,12,11.88,27.85,75.27,IN,86.34,1533524687
106,Yerofey Pavlovich,67.53,55,8,4.38,53.97,121.97,RU,67.53,1533524866
107,Narsaq,46.4,75,0,4.7,60.91,-46.05,GL,46.4,1533523800
108,Evensk,55.83,98,68,6.62,61.92,159.24,RU,55.83,1533524867
109,Coquimbo,50.0,87,0,3.36,-29.95,-71.34,CL,50.0,1533520800
110,Paamiut,41.79,97,0,1.25,61.99,-49.67,GL,41.79,1533524867
111,Qaanaaq,40.89,82,68,12.21,77.48,-69.36,GL,40.89,1533524692
112,Avarua,75.2,64,40,8.05,-21.21,-159.78,CK,75.2,1533520800
113,Denpasar,78.8,74,75,12.75,-8.65,115.22,ID,78.8,1533522600
114,Provideniya,50.0,76,90,8.95,64.42,-173.23,RU,50.0,1533522600
115,Emerald,75.72,52,24,10.98,-23.53,148.16,AU,75.72,1533524869
116,Yar-Sale,52.32,88,20,8.75,66.83,70.83,RU,52.32,1533524870
117,Chuy,43.14,89,8,2.71,-33.69,-53.46,UY,43.14,1533524737
118,Tomatlan,75.72,96,68,1.7,19.93,-105.25,MX,75.72,1533524870
119,Kazerun,73.47,37,0,1.92,29.62,51.65,IR,73.47,1533524870
120,Broome,60.39,93,0,5.82,52.47,1.45,GB,64.4,1533524160
121,Esperance,80.6,74,20,4.72,10.24,-61.45,TT,80.6,1533520800
122,Hithadhoo,79.95,100,12,9.42,-0.6,73.08,MV,79.95,1533524850
123,Glasgow,58.32,87,90,6.93,55.86,-4.24,GB,60.8,1533523800
124,Sao Filipe,77.43,99,92,2.26,14.9,-24.5,CV,77.43,1533524872
125,Carlagan,81.66,100,56,7.85,14.97,122.05,PH,81.66,1533524873
126,Masuda,89.4,79,20,8.05,34.68,131.85,JP,91.4,1533520800
127,Alice Springs,57.2,30,0,13.87,-23.7,133.88,AU,57.2,1533524400
128,Guerrero Negro,76.53,70,0,10.65,27.97,-114.04,MX,76.53,1533524631
129,Batesville,81.16,74,1,4.7,35.77,-91.64,US,82.4,1533520560
130,Husum,55.47,93,36,2.24,54.49,9.05,DE,60.8,1533522000
131,Bereda,71.6,94,0,4.7,43.27,-7.54,ES,71.6,1533522600
132,Constitucion,73.4,27,75,17.22,23.99,-104.67,MX,73.4,1533520080
133,Morro Bay,75.04,56,1,11.41,35.37,-120.85,US,91.4,1533520560
134,Nanakuli,81.5,65,75,8.05,21.39,-158.15,US,82.4,1533521400
135,Kaitangata,49.62,86,44,4.83,-46.28,169.85,NZ,49.62,1533524876
136,Zonguldak,65.64,92,0,1.7,41.25,31.83,TR,65.64,1533524876
137,Amapa,80.6,100,20,6.93,15.09,-87.97,HN,80.6,1533524400
138,Tecoanapa,80.6,78,90,9.17,16.99,-99.26,MX,80.6,1533519780
139,Churapcha,54.03,97,92,3.94,62.0,132.43,RU,54.03,1533524878
140,Kutum,63.66,89,8,3.71,14.2,24.66,SD,63.66,1533524878
141,Tarbagatay,66.2,77,75,6.71,51.48,107.36,RU,66.2,1533522600
142,Richards Bay,61.5,96,92,2.26,-28.77,32.06,ZA,61.5,1533524857
143,Alta Floresta,79.32,70,24,2.48,-9.87,-56.08,BR,79.32,1533524879
144,Alofi,73.4,73,92,6.93,-19.06,-169.92,NU,73.4,1533520800
145,Ahipara,56.37,93,0,8.08,-35.17,173.16,NZ,56.37,1533524879
146,Sundsvall,53.6,71,0,9.17,62.39,17.31,SE,53.6,1533523800
147,Kibala,73.4,88,20,9.17,9.11,18.35,TD,73.4,1533520800
148,Krasnyy Oktyabr,62.49,81,0,9.75,56.12,38.88,RU,62.49,1533524880
149,Bayir,71.6,83,0,4.7,37.27,28.22,TR,71.6,1533522000
150,Namli,74.46,98,92,11.88,23.46,75.06,IN,74.46,1533524881
151,Busselton,60.42,100,88,13.0,-33.64,115.35,AU,60.42,1533524881
152,Mahebourg,68.0,64,20,9.17,-20.41,57.7,MU,68.0,1533520800
153,Butaritari,85.26,100,12,4.83,3.07,172.79,KI,85.26,1533524844
154,Grande Prairie,75.2,57,20,5.82,55.17,-118.79,CA,75.2,1533520800
155,Kambove,48.27,58,0,4.27,-10.88,26.6,CD,48.27,1533524883
156,Barrow,49.89,52,12,11.65,-38.31,-60.23,AR,49.89,1533524883
157,Atambua,83.64,77,0,6.85,-9.11,124.89,ID,83.64,1533524883
158,Arandis,37.2,75,0,2.93,-22.42,14.98,NA,37.2,1533524884
159,Brae,54.39,87,92,12.75,60.4,-1.35,GB,55.4,1533523800
160,Esfarayen,73.4,83,40,2.59,37.08,57.51,IR,73.4,1533520800
161,Sao Joao da Barra,72.93,100,36,7.52,-21.64,-41.05,BR,72.93,1533524694
162,Trairi,79.77,98,76,20.83,-3.28,-39.27,BR,79.77,1533524632
163,Saint George,68.0,60,20,3.36,39.45,22.34,GR,68.0,1533520200
164,San Cristobal,51.8,87,20,9.17,-0.39,-78.55,EC,51.8,1533520800
165,Anadyr,51.8,87,90,8.95,64.73,177.51,RU,51.8,1533522600
166,Adrar,91.4,19,0,13.87,27.87,-0.29,DZ,91.4,1533520800
167,Gashua,70.86,97,80,9.64,12.87,11.04,NG,70.86,1533524886
168,Diffun,73.11,95,88,3.27,16.59,121.5,PH,73.11,1533524887
169,Flin Flon,62.13,61,0,5.17,54.77,-101.88,CA,62.13,1533524887
170,Port Hardy,62.6,77,75,8.05,50.7,-127.42,CA,62.6,1533520800
171,Bandarbeyla,77.52,88,0,27.09,9.49,50.81,SO,77.52,1533524888
172,Viedma,43.41,78,20,2.82,-40.81,-62.99,AR,43.41,1533524889
173,Prince Rupert,66.2,72,1,4.7,54.32,-130.32,CA,66.2,1533520800
174,Shihezi,86.88,28,12,3.6,44.3,86.03,CN,86.88,1533524890
175,Dunedin,48.72,79,32,3.94,-45.87,170.5,NZ,48.72,1533524891
176,Sisophon,75.36,99,92,10.76,13.59,102.97,KH,75.36,1533524891
177,Flinders,64.4,36,0,20.8,-34.58,150.85,AU,64.4,1533522720
178,Ngunguru,57.72,100,36,4.16,-35.62,174.5,NZ,57.72,1533524892
179,East London,58.26,100,0,10.42,-33.02,27.91,ZA,58.26,1533524687
180,Sitka,88.5,32,32,16.13,37.17,-99.65,US,88.5,1533524837
181,Khandyga,53.31,97,92,4.38,62.65,135.58,RU,53.31,1533524893
182,Hobyo,74.01,87,0,16.24,5.35,48.53,SO,74.01,1533524893
183,San Andres,79.41,100,88,24.74,13.32,122.68,PH,79.41,1533524893
184,Pucallpa,74.46,91,80,2.82,-8.38,-74.54,PE,74.46,1533524894
185,Torbay,53.6,100,90,16.11,47.66,-52.73,CA,53.6,1533520800
186,Kowary,52.32,83,0,2.71,50.79,15.83,PL,52.32,1533524895
187,Airai,81.57,47,0,2.04,-8.93,125.41,TL,81.57,1533524895
188,Alyangula,80.13,87,56,5.39,-13.85,136.42,AU,80.13,1533524895
189,Walvis Bay,54.21,100,0,10.09,-22.95,14.51,NA,54.21,1533524896
190,Lavrentiya,46.38,94,48,10.2,65.58,-170.99,RU,46.38,1533524896
191,Alassio,82.4,69,0,3.36,44.0,8.17,IT,82.4,1533520500
192,Ludwigsfelde,54.48,76,0,3.36,52.3,13.26,DE,57.2,1533523800
193,Bandundu,75.18,75,24,7.63,-3.32,17.38,CD,75.18,1533524897
194,Horta,77.95,69,0,4.7,41.43,2.16,ES,80.6,1533522600
195,Ciudad Bolivar,82.11,70,68,8.3,8.12,-63.55,VE,82.11,1533524898
196,Vao,61.59,89,56,11.43,59.1,26.19,EE,61.59,1533524899
197,Bermeo,62.04,94,0,2.24,43.42,-2.72,ES,68.0,1533522600
198,Khatanga,62.4,77,24,15.23,71.98,102.47,RU,62.4,1533524892
199,Manowa,70.14,99,92,5.28,8.17,-10.75,SL,70.14,1533524900
200,Petropavlovsk-Kamchatskiy,73.4,43,20,8.95,53.05,158.65,RU,73.4,1533522600
201,Hervey Bay,71.94,81,0,11.99,-25.3,152.85,AU,71.94,1533524874
202,Iqaluit,41.0,93,90,9.17,63.75,-68.52,CA,41.0,1533520800
203,Port-Cartier,60.8,100,90,4.7,50.03,-66.88,CA,60.8,1533520800
204,Nome,79.68,83,1,7.63,30.04,-94.42,US,80.6,1533524100
205,Coahuayana,68.97,83,20,2.04,18.62,-100.35,MX,68.97,1533524903
206,Codrington,70.14,59,36,10.65,-28.95,153.24,AU,70.14,1533524903
207,Saskylakh,62.31,66,0,15.46,71.97,114.09,RU,62.31,1533524903
208,Dingle,76.8,100,92,11.99,11.0,122.67,PH,76.8,1533524904
209,Polazna,62.6,88,75,6.29,58.29,56.41,RU,62.6,1533522600
210,Waingapu,81.66,67,12,8.3,-9.65,120.26,ID,81.66,1533524905
211,Saint-Philippe,77.86,78,1,3.36,45.36,-73.48,CA,80.6,1533521700
212,Ruidoso,86.65,40,36,14.99,33.33,-105.67,US,95.0,1533524100
213,Kavaratti,82.11,98,92,19.93,10.57,72.64,IN,82.11,1533524905
214,Tura,77.88,95,56,3.15,25.52,90.21,IN,77.88,1533524906
215,Ixtapa,80.6,100,75,5.82,20.71,-105.21,MX,80.6,1533520020
216,Buin,51.8,53,75,2.24,-33.73,-70.74,CL,51.8,1533520800
217,Padang,76.44,100,88,9.64,-0.92,100.36,ID,76.44,1533524899
218,Severobaykalsk,55.11,100,100,3.04,55.65,109.32,RU,55.11,1533524907
219,Bodden Town,84.2,79,0,10.29,19.28,-81.25,KY,84.2,1533524400
220,Severo-Kurilsk,57.54,87,44,3.27,50.68,156.12,RU,57.54,1533524908
221,Bhera,85.98,72,20,10.42,32.48,72.91,PK,85.98,1533524909
222,Thompson,55.4,76,40,2.59,55.74,-97.86,CA,55.4,1533520800
223,Caravelas,76.89,97,8,15.12,-17.73,-39.27,BR,76.89,1533524875
224,Montecchio Maggiore,78.4,78,20,2.24,45.5,11.41,IT,80.6,1533523800
225,Ketchikan,74.62,49,1,8.05,55.34,-131.65,US,75.2,1533520560
226,New Bern,75.49,100,1,2.93,35.11,-77.04,US,78.8,1533523800
227,Majene,82.11,96,12,15.46,-3.54,118.97,ID,82.11,1533524912
228,Ucluelet,68.16,74,24,1.48,48.94,-125.55,CA,68.16,1533524912
229,Saint-Augustin,68.58,73,0,1.12,44.83,-0.61,FR,71.6,1533522600
230,Buala,83.64,82,8,8.97,-8.15,159.59,SB,83.64,1533524907
231,Sawakin,80.58,87,20,8.75,19.1,37.33,SD,80.58,1533524913
232,Along,78.42,77,0,2.04,28.17,94.8,IN,78.42,1533524913
233,Haines Junction,60.87,53,12,3.6,60.75,-137.51,CA,60.87,1533524914
234,Mikumi,53.67,94,0,2.37,-7.4,36.98,TZ,53.67,1533524914
235,Havelock,77.0,100,1,3.36,34.88,-76.9,US,80.6,1533520680
236,Chifeng,75.36,90,64,3.6,42.27,118.96,CN,75.36,1533524915
237,Ushtobe,83.46,32,0,4.38,45.25,77.98,KZ,83.46,1533524915
238,Craig,79.43,22,40,4.7,40.52,-107.55,US,84.2,1533522900
239,Wahiawa,81.52,65,75,8.05,21.5,-158.02,US,82.4,1533521400
240,Chokurdakh,41.25,84,44,12.55,70.62,147.9,RU,41.25,1533524916
241,Atasu,78.51,43,80,7.85,48.68,71.64,KZ,78.51,1533524916
242,The Valley,82.4,78,40,10.29,18.22,-63.06,AI,82.4,1533520800
243,Sechura,67.62,87,0,11.99,-5.56,-80.82,PE,67.62,1533524917
244,Juegang,90.21,82,0,8.75,32.31,121.18,CN,90.21,1533524918
245,Port Lincoln,54.57,99,64,22.06,-34.72,135.86,AU,54.57,1533524725
246,Carutapera,77.61,90,8,8.41,-1.2,-46.02,BR,77.61,1533524919
247,Itarema,76.62,85,0,14.34,-2.92,-39.92,BR,76.62,1533524795
248,Tungor,78.51,50,0,13.78,53.39,142.95,RU,78.51,1533524920
249,Anori,80.04,71,12,3.94,-3.74,-61.66,BR,80.04,1533524920
250,Oranjestad,82.4,78,20,20.8,12.52,-70.03,AW,82.4,1533520800
251,Road Town,82.4,78,1,9.17,18.42,-64.62,VG,82.4,1533520380
252,Shenjiamen,85.62,89,12,12.77,29.96,122.3,CN,85.62,1533524921
253,Faanui,80.31,100,20,13.67,-16.48,-151.75,PF,80.31,1533524921
254,Forrest City,76.3,88,0,4.7,35.01,-90.79,US,77.0,1533522900
255,Bathsheba,81.12,99,92,13.44,13.22,-59.52,BB,81.12,1533524922
256,Morinville,71.6,73,75,2.24,53.8,-113.65,CA,71.6,1533520800
257,Udachnyy,61.77,54,0,5.28,66.42,112.4,RU,61.77,1533524923
258,Miyang,62.22,100,92,0.92,24.4,103.44,CN,62.22,1533524923
259,Huarmey,53.04,90,0,3.6,-10.07,-78.15,PE,53.04,1533524923
260,Bucerias,80.6,100,75,5.82,20.76,-105.33,MX,80.6,1533520020
261,Vila Franca do Campo,69.8,73,75,8.05,37.72,-25.43,PT,69.8,1533522600
262,Eyl,77.79,79,0,18.7,7.98,49.82,SO,77.79,1533524924
263,Chernyshevskiy,61.59,48,0,7.96,63.01,112.47,RU,61.59,1533524925
264,Pangnirtung,43.5,93,92,14.45,66.15,-65.72,CA,43.5,1533524925
265,Arman,64.4,82,90,11.18,59.7,150.17,RU,64.4,1533522600
266,Jhanjharpur,86.43,97,24,1.7,26.21,86.23,IN,86.43,1533524926
267,Praia da Vitoria,69.8,77,75,12.55,38.73,-27.07,PT,69.8,1533520800
268,Isangel,71.31,100,0,14.45,-19.55,169.27,VU,71.31,1533524926
269,Nauta,74.82,95,24,3.71,-4.51,-73.58,PE,74.82,1533524927
270,Kodinsk,57.09,76,32,7.4,58.6,99.18,RU,57.09,1533524927
271,La Huacana,66.2,88,90,2.26,18.96,-101.8,MX,66.2,1533519840
272,Razdolinsk,56.19,75,32,5.5,58.42,94.62,RU,56.19,1533524928
273,Dalbandin,81.57,19,0,1.7,28.9,64.41,PK,81.57,1533524928
274,Puerto Ayacucho,78.8,94,75,1.03,5.66,-67.63,CO,78.8,1533520800
275,Ilek,75.09,51,0,3.94,51.53,53.38,RU,75.09,1533524929
276,Half Moon Bay,73.29,93,20,8.05,37.46,-122.43,US,87.8,1533523200
277,Sillamae,63.12,100,24,13.78,59.4,27.75,EE,63.12,1533524930
278,Xai-Xai,68.61,100,0,4.38,-25.04,33.64,MZ,68.61,1533524930
279,Japoata,69.96,90,80,4.94,-10.35,-36.8,BR,69.96,1533524930
280,Shelburne,79.41,65,1,5.82,44.08,-80.2,CA,82.4,1533520800
281,Yulara,57.2,28,0,10.29,-25.24,130.99,AU,57.2,1533524400
282,Luganville,75.36,100,92,15.46,-15.51,167.18,VU,75.36,1533524932
283,Christchurch,48.2,100,92,10.29,-43.53,172.64,NZ,48.2,1533522600
284,Samarai,78.24,100,64,13.44,-10.62,150.67,PG,78.24,1533524893
285,Hvide Sande,55.36,93,88,4.7,56.01,8.13,DK,57.2,1533523800
286,Zanjan,61.23,95,92,3.6,36.67,48.48,IR,61.23,1533524933
287,Dombarovskiy,70.14,77,36,4.38,50.76,59.54,RU,70.14,1533524933
288,Verkhovazhye,59.34,100,80,8.97,60.75,42.05,RU,59.34,1533524934
289,Sawtell,77.0,38,20,16.11,-30.38,153.1,AU,77.0,1533522600
290,Margate,55.4,66,75,10.29,-43.03,147.26,AU,55.4,1533522600
291,Piney Green,76.12,88,1,4.7,35.09,-78.48,US,78.8,1533524100
292,Bay Roberts,53.6,100,90,16.11,47.58,-53.28,CA,53.6,1533520800
293,Aleksandrov Gay,73.56,63,0,3.94,50.14,48.57,RU,73.56,1533524936
294,Bambous Virieux,68.0,64,20,9.17,-20.34,57.76,MU,68.0,1533520800
295,Mango,78.8,65,0,4.7,44.69,8.15,IT,78.8,1533523800
296,Grindavik,51.08,93,0,9.17,63.84,-22.43,IS,51.8,1533522600
297,Menongue,57.09,54,0,3.94,-14.66,17.68,AO,57.09,1533524937
298,Aitape,81.57,94,64,4.16,-3.15,142.36,PG,81.57,1533524937
299,Rio Grande,47.73,96,0,5.28,-32.03,-52.1,BR,47.73,1533524848
300,Sturgeon Falls,66.2,100,90,6.93,46.36,-79.93,CA,66.2,1533523200
301,Gigmoto,83.37,98,80,14.23,13.78,124.39,PH,83.37,1533524939
302,Vikhorevka,66.2,72,40,13.42,56.12,101.17,RU,66.2,1533522600
303,Kavieng,75.27,100,92,5.06,-2.57,150.8,PG,75.27,1533524940
304,Bushehr,87.75,66,0,2.71,28.97,50.84,IR,89.6,1533522600
305,Samarinda,88.5,64,8,4.5,-0.5,117.14,ID,88.5,1533524940
306,Asyut,77.0,50,0,4.7,27.18,31.19,EG,77.0,1533520800
307,Chumikan,56.37,84,88,6.06,54.72,135.31,RU,56.37,1533524941
308,Tarakan,85.53,85,8,5.95,3.3,117.63,ID,85.53,1533524942
309,Moron,75.2,94,40,2.26,10.49,-68.2,VE,75.2,1533520800
310,Zhaoqing,87.69,78,24,3.71,23.05,112.47,CN,87.69,1533524942
311,San Carlos de Bariloche,41.0,93,75,6.93,-41.13,-71.31,AR,41.0,1533522480
312,Bethel,55.4,100,90,17.22,60.79,-161.76,US,55.4,1533520980
313,Iskateley,52.41,86,64,9.19,67.68,53.15,RU,52.41,1533524944
314,Fortuna,82.38,48,20,2.24,38.18,-1.13,ES,84.2,1533522600
315,Zaysan,71.49,49,64,2.93,47.47,84.87,KZ,71.49,1533524946
316,Lorengau,77.79,100,92,6.4,-2.02,147.27,PG,77.79,1533524946
317,Chistoye,62.6,93,20,6.71,56.54,43.0,RU,62.6,1533522600
318,Labuhan,83.82,71,8,4.16,-2.54,115.51,ID,83.82,1533524900
319,Makushino,64.74,67,20,11.77,55.21,67.25,RU,64.74,1533524947
320,Troitsko-Pechorsk,56.73,69,64,5.17,62.71,56.19,RU,56.73,1533524947
321,Kranea Elassonos,67.08,63,48,1.14,39.95,21.97,GR,67.08,1533524948
322,Dera Bugti,87.24,53,20,4.38,29.03,69.15,PK,87.24,1533524948
323,Te Anau,47.91,89,0,3.38,-45.41,167.72,NZ,47.91,1533524949
324,Taoudenni,84.54,43,76,5.28,22.68,-3.98,ML,84.54,1533524840
325,Moscow,60.8,88,0,8.95,55.75,37.62,RU,62.6,1533522600
326,Meulaboh,80.04,100,8,1.7,4.14,96.13,ID,80.04,1533524950
327,Cayenne,73.4,100,20,5.95,4.94,-52.33,GF,73.4,1533522600
328,Pagsabangan,87.8,62,75,12.75,7.48,125.75,PH,87.8,1533520800
329,Talnakh,45.93,89,68,5.28,69.49,88.39,RU,45.93,1533524875
330,Zhangye,63.84,100,100,4.38,38.94,100.46,CN,63.84,1533524951
331,Norman Wells,68.0,64,90,6.93,65.28,-126.83,CA,68.0,1533520800
332,Golden,57.36,65,0,1.59,51.3,-116.96,CA,57.36,1533524952
333,Tautira,82.4,65,40,11.41,-17.73,-149.15,PF,82.4,1533524400
334,La Union,69.69,92,20,1.92,14.97,-89.29,GT,69.69,1533524953
335,Tulungagung,81.21,48,0,8.41,-8.06,111.9,ID,81.21,1533524954
336,Santiago del Estero,61.41,38,0,14.23,-27.8,-64.26,AR,61.41,1533524954
337,Malanje,57.63,96,0,2.82,-9.54,16.35,AO,57.63,1533524955
338,Santa Isabel do Rio Negro,79.59,76,48,4.61,-0.41,-65.02,BR,79.59,1533524955
339,Victor Harbor,48.2,81,75,17.22,-35.55,138.62,AU,48.2,1533522120
340,Pierreville,72.84,75,0,9.53,46.07,-72.81,CA,72.84,1533524956
341,Lokosovo,57.63,81,20,4.27,61.13,74.84,RU,57.63,1533524956
342,Gravelbourg,64.74,79,12,2.15,49.88,-106.56,CA,64.74,1533524957
343,Harlingen,82.11,94,1,6.93,26.19,-97.7,US,84.2,1533524100
344,Karwar,71.31,99,92,4.05,14.8,74.13,IN,71.31,1533524957
345,Colomi,50.0,93,40,1.7,-17.34,-65.87,BO,50.0,1533520800
346,Nantucket,73.45,88,1,6.93,41.28,-70.1,US,75.2,1533522900
347,Nago,69.01,78,20,2.24,45.88,10.89,IT,77.0,1533523800
348,Goksun,77.0,69,0,12.75,38.02,36.5,TR,77.0,1533520200
349,Estrela,40.26,85,0,2.15,-29.5,-51.96,BR,40.26,1533524959
350,Westport,59.79,98,92,12.21,53.8,-9.52,IE,59.79,1533524862
351,Goroka,65.73,87,48,0.92,-6.07,145.39,PG,65.73,1533524960
352,Amberieu-en-Bugey,70.11,64,0,9.17,45.96,5.34,FR,73.4,1533524400
353,Tefe,73.74,96,36,5.17,-3.35,-64.71,BR,73.74,1533524883
354,Ostrovnoy,48.99,100,48,7.96,68.05,39.51,RU,48.99,1533524846
355,Tyukalinsk,62.22,66,0,10.54,55.87,72.2,RU,62.22,1533524962
356,Vardo,77.54,94,1,3.36,39.62,-77.74,US,82.4,1533524100
357,Baghdad,85.93,29,0,9.17,33.3,44.38,IQ,87.8,1533520800
358,Orotukan,56.73,90,24,3.6,62.26,151.67,RU,56.73,1533524964
359,Sokoni,55.56,58,0,6.62,-12.89,28.78,CD,55.56,1533524964
360,Tretten,40.62,70,0,2.15,61.31,10.3,NO,40.62,1533524964
361,Fernley,79.65,13,20,14.99,39.61,-119.25,US,82.4,1533524160
362,La Rioja,50.34,81,0,6.96,-29.41,-66.86,AR,50.34,1533524965
363,Xuddur,67.53,91,0,8.63,4.12,43.89,SO,67.53,1533524965
364,Marzuq,65.01,68,88,2.48,14.4,46.47,YE,65.01,1533524966
365,Saint Anthony,72.23,33,1,5.82,43.97,-111.68,US,77.0,1533520560
366,Jardim,59.61,99,92,5.73,-21.48,-56.15,BR,59.61,1533524721
367,Ponta do Sol,57.09,87,44,2.59,-20.63,-46.0,BR,57.09,1533524967
368,Chicama,60.96,94,0,3.94,-7.84,-79.15,PE,60.96,1533524967
369,Pinsk,64.11,78,76,6.85,52.11,26.1,BY,64.11,1533524968
370,Sharan,64.11,75,0,3.38,33.15,68.78,AF,64.11,1533524968
371,Touba,75.63,88,48,8.52,14.86,-15.88,SN,75.63,1533524969
372,Saint-Jean-de-Maurienne,68.0,82,0,8.05,45.28,6.35,FR,68.0,1533524400
373,Azul,45.84,85,36,7.07,-36.78,-59.86,AR,45.84,1533524970
374,Biak,80.67,82,56,8.19,-0.91,122.88,ID,80.67,1533524970
375,Vostok,74.64,66,0,2.82,46.45,135.83,RU,74.64,1533524887
376,Llanes,58.89,70,0,2.82,43.42,-4.75,ES,58.89,1533524971
377,Nizhniy Kuranakh,58.71,56,0,3.6,58.84,125.49,RU,58.71,1533524971
378,Zhigalovo,66.81,78,24,4.61,54.81,105.15,RU,66.81,1533524972
379,Sept-Iles,60.8,100,90,4.7,50.2,-66.38,CA,60.8,1533520800
380,Lakes Entrance,58.26,61,0,13.78,-37.88,147.99,AU,58.26,1533524972
381,Litovko,80.22,57,0,5.28,49.24,135.18,RU,80.22,1533524972
382,Gamovo,62.6,88,75,5.39,57.87,56.11,RU,62.6,1533522600
383,Kaeo,57.54,80,80,6.73,-35.1,173.78,NZ,57.54,1533524973
384,Turtas,59.52,63,64,5.95,58.94,69.13,RU,59.52,1533524974
385,Clifton Springs,75.79,78,1,4.7,42.96,-77.14,US,77.0,1533524040
386,Vila Velha,80.6,78,75,13.87,-3.71,-38.6,BR,80.6,1533524400
387,Ilulissat,42.8,70,0,3.36,69.22,-51.1,GL,42.8,1533523800
388,Hashtrud,56.82,70,0,3.04,37.48,47.05,IR,56.82,1533524975
389,Nicoya,78.8,78,0,3.36,10.15,-85.45,CR,78.8,1533520800
390,Palu,80.94,49,8,1.92,-0.9,119.87,ID,80.94,1533524976
391,Umm Kaddadah,66.63,97,48,3.6,13.6,26.69,SD,66.63,1533524901
392,Lewistown,78.49,94,1,5.82,40.39,-90.15,US,82.4,1533522900
393,Hope,78.8,54,1,6.93,49.38,-121.43,CA,78.8,1533524400
394,Selcuk,74.05,83,0,2.48,37.95,27.37,TR,75.2,1533523800
395,Sancti Spiritus,81.57,74,56,12.21,21.93,-79.44,CU,81.57,1533524978
396,Aksu,66.2,59,0,11.18,52.04,76.93,KZ,66.2,1533522600
397,Algiers,81.7,88,1,7.18,29.94,-90.04,US,84.2,1533522900
398,ChengDe,79.95,76,36,3.71,40.97,117.93,CN,79.95,1533524979
399,Krasnoye,66.2,88,0,2.24,44.87,39.46,RU,66.2,1533522600
400,Mont-Dore,75.2,53,0,14.99,-22.23,166.53,NC,75.2,1533524400
401,Hangu,77.97,77,0,2.93,33.53,71.06,PK,77.97,1533524711
402,Kamenskiy,70.86,71,0,10.31,50.89,45.49,RU,70.86,1533524981
403,Tepoztlan,57.25,82,90,10.29,18.98,-99.1,MX,60.8,1533522540
404,Kruisfontein,50.97,94,0,6.85,-34.0,24.73,ZA,50.97,1533524982
405,Inhambane,68.43,100,0,10.2,-23.87,35.38,MZ,68.43,1533524982
406,Verkhoyansk,62.31,46,0,8.63,67.55,133.39,RU,62.31,1533524983
407,Sinjai,80.67,76,48,4.16,-5.12,120.25,ID,80.67,1533524983
408,Pevek,46.74,88,20,6.96,69.7,170.27,RU,46.74,1533524984
409,Oussouye,77.0,94,75,4.7,12.49,-16.54,SN,77.0,1533520800
410,Sobolevo,62.58,93,36,8.3,54.43,31.9,RU,62.58,1533524984
411,Longyearbyen,41.0,100,90,3.36,78.22,15.63,NO,41.0,1533523800
412,Aykhal,60.69,52,0,8.86,65.95,111.51,RU,60.69,1533524986
413,Gulbene,62.4,81,88,8.75,57.18,26.75,LV,62.4,1533524986
414,Torfyanoy,64.2,90,48,8.63,58.49,49.2,RU,64.2,1533524986
415,Mariestad,59.0,54,68,5.82,58.71,13.82,SE,59.0,1533523800
416,Mount Isa,69.8,15,24,16.11,-20.73,139.49,AU,69.8,1533522600
417,Tevaitoa,80.13,97,24,13.22,-16.78,-151.5,PF,80.13,1533524987
418,Basco,79.5,74,1,3.36,40.33,-91.2,US,82.4,1533522900
419,Sao Gabriel da Cachoeira,76.26,91,64,1.59,-0.13,-67.09,BR,76.26,1533524965
420,Tilichiki,52.32,91,92,8.75,60.47,166.1,RU,52.32,1533524870
421,Uncia,12.45,69,0,2.59,-18.47,-66.57,BO,12.45,1533524989
422,San Policarpo,86.16,85,56,15.35,12.18,125.51,PH,86.16,1533524989
423,Isiro,67.44,97,24,2.15,2.77,27.62,CD,67.44,1533524990
424,Galesong,86.0,48,20,2.24,-5.32,119.37,ID,86.0,1533524400
425,Boyuibe,51.24,90,64,2.37,-20.43,-63.28,BO,51.24,1533524990
426,Tual,79.77,99,32,8.86,-5.67,132.75,ID,79.77,1533524991
427,Hofn,48.54,100,92,15.12,64.25,-15.21,IS,48.54,1533524991
428,Veranopolis,38.55,84,36,2.71,-28.94,-51.55,BR,38.55,1533524991
429,Luanda,65.82,97,0,3.71,-8.83,13.24,AO,65.82,1533524861
430,Villarrica,45.12,96,92,8.86,-39.28,-72.23,CL,45.12,1533524992
431,Muisne,73.11,96,92,4.38,0.61,-80.02,EC,73.11,1533524993
432,Juli,25.59,100,0,2.82,-16.21,-69.46,PE,25.59,1533524993
433,Geraldton,60.8,100,40,4.94,49.72,-86.95,CA,60.8,1533520800
434,Erattupetta,78.8,88,40,2.82,9.69,76.78,IN,78.8,1533522600
435,Nador,73.09,88,0,2.24,35.17,-2.93,MA,77.0,1533522600
436,Beringovskiy,51.96,100,92,5.28,63.05,179.32,RU,51.96,1533524994
437,San Patricio,41.88,83,0,2.26,-26.98,-56.83,PY,41.88,1533524877
438,Carnwath,58.46,100,0,5.82,55.7,-3.63,GB,60.8,1533523800
439,Awbari,88.77,17,92,5.06,26.59,12.77,LY,88.77,1533524995
440,Baruun-Urt,73.11,79,0,4.72,46.68,113.28,MN,73.11,1533524996
441,Shenzhen,88.81,55,20,5.82,22.54,114.05,CN,91.4,1533524400
442,Novobirilyussy,57.27,77,0,4.16,56.95,90.69,RU,57.27,1533524996
443,Chik Ballapur,70.63,100,75,17.22,13.43,77.72,IN,71.6,1533522600
444,Crotone,79.32,100,0,5.73,39.09,17.12,IT,79.32,1533524997
445,Rudnaya Pristan,71.94,58,0,2.82,44.36,135.82,RU,71.94,1533524997
446,Hasaki,81.45,88,75,3.36,35.73,140.83,JP,82.4,1533523320
447,Touros,77.52,83,68,14.0,-5.2,-35.46,BR,77.52,1533524810
448,Punta de Piedra,69.69,99,24,2.15,7.62,-71.49,VE,69.69,1533524999
449,Gravdal,55.4,93,92,5.82,59.79,5.78,NO,55.4,1533523800
450,Hun,62.6,67,0,4.7,50.34,4.87,BE,64.4,1533523800
451,Dongobesh,44.31,97,0,3.49,-4.07,35.37,TZ,44.31,1533525000
452,Beisfjord,53.6,81,92,5.82,68.38,17.6,NO,53.6,1533523800
453,Ikwiriri,62.67,93,0,2.37,-7.96,38.99,TZ,62.67,1533525001
454,Stettler,67.8,63,0,2.59,52.32,-112.71,CA,67.8,1533524875
455,Trnava,65.3,100,12,2.24,48.38,17.59,SK,66.2,1533524400
456,Virginia Beach,76.69,83,1,5.39,36.85,-75.98,US,80.6,1533524340
457,Goma,55.2,93,20,4.61,-1.67,29.23,CD,55.2,1533525002
458,San Vicente,79.7,94,20,2.48,13.64,-88.78,SV,82.4,1533520200
459,Mbandaka,71.49,97,64,2.93,0.05,18.26,CD,71.49,1533525006
460,Anchorage,64.38,82,90,3.36,61.22,-149.89,US,66.2,1533520920
461,Maragogi,70.86,97,56,4.61,-9.01,-35.22,BR,70.86,1533525007
462,Mahon,53.6,93,75,6.93,51.89,-8.4,IE,53.6,1533522600
463,Suure-Jaani,60.24,88,12,12.21,58.54,25.46,EE,60.24,1533525008
464,Cabo San Lucas,89.37,54,20,11.41,22.89,-109.91,MX,93.2,1533520200
465,Suruc,73.4,49,0,3.36,36.98,38.42,TR,73.4,1533522000
466,Bojnurd,73.4,83,40,2.59,37.47,57.33,IR,73.4,1533520800
467,Novyy Urengoy,51.69,89,8,6.51,66.08,76.63,RU,51.69,1533525010
468,Aklavik,55.4,71,75,3.36,68.22,-135.01,CA,55.4,1533520800
469,Havre-Saint-Pierre,59.0,93,75,2.24,50.23,-63.6,CA,59.0,1533520800
470,Yumen,71.04,66,36,5.84,40.29,97.04,CN,71.04,1533525011
471,Egvekinot,53.22,54,92,3.27,66.32,-179.17,RU,53.22,1533525011
472,Langsa,79.77,86,0,0.81,4.47,97.97,ID,79.77,1533525011
473,Boffa,72.39,100,92,3.71,10.18,-14.04,GN,72.39,1533525012
474,Buchanan,73.4,94,75,4.94,5.88,-10.05,LR,73.4,1533522600
475,Terrace Bay,54.66,88,48,5.39,48.78,-87.1,CA,54.66,1533525012
476,Romny,63.57,88,0,2.82,50.74,33.49,UA,63.57,1533525013
477,Amahai,78.78,100,88,8.86,-3.31,129.0,ID,78.78,1533525013
478,North Platte,71.6,100,75,6.93,41.12,-100.77,US,71.6,1533523980
479,Zhongshu,63.21,99,92,3.49,24.52,103.77,CN,63.21,1533525014
480,Atikokan,65.1,85,36,5.17,48.76,-91.62,CA,65.1,1533525015
481,Ambon,66.2,77,0,3.36,47.55,-2.56,FR,66.2,1533524400
482,Lishui,85.62,74,32,2.37,28.45,119.91,CN,85.62,1533525015
483,Klyuchi,68.16,50,0,8.63,52.25,79.17,RU,68.16,1533524771
484,Rieti,58.89,93,0,1.92,42.4,12.86,IT,58.89,1533525016
485,Chapais,69.8,83,1,6.93,49.78,-74.86,CA,69.8,1533520800
486,Namatanai,79.41,100,92,6.62,-3.66,152.44,PG,79.41,1533525017
487,Ancud,49.35,98,92,5.39,-41.87,-73.83,CL,49.35,1533524733
488,Mahibadhoo,83.37,99,80,12.21,3.78,72.97,MV,83.37,1533525017
489,Krasnoyarsk,57.2,62,20,4.47,56.01,92.87,RU,57.2,1533522600
490,Ambunti,81.3,83,88,2.59,-4.22,142.82,PG,81.3,1533525018
491,Jasper,77.0,100,0,1.36,33.83,-87.28,US,78.8,1533522900
492,Moche,62.22,100,12,13.0,-8.17,-79.01,PE,62.22,1533525019
493,Nandura,77.61,90,92,9.98,20.83,76.46,IN,77.61,1533525020
494,Okha,78.51,50,0,13.78,53.59,142.95,RU,78.51,1533524886
495,Petrovsk,74.01,69,12,0.36,52.31,45.39,RU,74.01,1533525021
496,Harper,80.64,51,1,10.42,30.3,-99.24,US,82.4,1533524100
497,Daru,70.41,99,92,3.94,7.99,-10.85,SL,70.41,1533525022
498,Grafton,67.62,62,32,8.63,-29.69,152.93,AU,67.62,1533525022
499,Wilmington,78.13,74,40,6.93,39.75,-75.55,US,84.2,1533524100
500,Tahe,63.21,76,92,3.38,52.34,124.71,CN,63.21,1533525023
501,Lhokseumawe,86.79,88,32,6.17,5.18,97.15,ID,86.79,1533525024
502,Nemuro,59.0,82,75,5.82,43.32,145.57,JP,59.0,1533520800
503,Letlhakeng,53.4,28,0,8.97,-24.1,25.03,BW,53.4,1533525024
504,Szubin,59.0,82,0,8.05,53.01,17.74,PL,59.0,1533524400
505,Argostolion,74.79,39,20,3.36,38.18,20.49,GR,78.8,1533523800
506,Watsa,64.47,98,56,2.93,3.04,29.53,CD,64.47,1533525025
507,Moissala,70.77,99,92,3.94,8.34,17.77,TD,70.77,1533525026
508,Cherskiy,56.64,51,0,5.28,68.75,161.3,RU,56.64,1533525026
509,Paracatu,67.89,78,12,4.61,-17.22,-46.87,BR,67.89,1533525026
510,Gilgit,69.8,73,40,0.81,35.92,74.31,PK,69.8,1533524400
511,Aksarka,52.32,68,36,8.63,66.56,67.8,RU,52.32,1533525027
512,Birin,67.89,97,12,8.52,35.01,36.67,SY,67.89,1533525027
513,Warmbad,53.1,93,0,3.36,50.67,13.08,DE,57.2,1533524400
514,Suratgarh,92.64,53,24,11.88,29.32,73.9,IN,92.64,1533525028
515,Aden,79.95,95,8,5.5,12.79,45.03,YE,79.95,1533525029
516,Jaru,75.72,80,56,2.59,-10.43,-62.48,BR,75.72,1533525029
517,Jalu,78.51,48,0,8.3,29.03,21.55,LY,78.51,1533524853
518,Leshukonskoye,56.01,99,92,3.94,64.9,45.76,RU,56.01,1533525030
519,Karratha,65.64,18,0,17.13,-20.74,116.85,AU,65.64,1533525031
520,Liverpool,59.83,87,0,5.82,53.41,-2.98,GB,60.8,1533523800
521,Southbridge,74.41,88,1,3.36,42.08,-72.03,US,77.0,1533524160
522,Artesia,84.83,30,1,14.99,32.84,-104.4,US,86.0,1533524100
523,Shingu,91.4,63,20,14.99,33.72,135.99,JP,91.4,1533520800
524,Manzhouli,75.09,76,8,6.4,49.6,117.43,CN,75.09,1533525033
525,Tam Ky,91.4,63,20,4.7,15.57,108.48,VN,91.4,1533522600
526,Gazanjyk,78.87,72,0,5.39,39.24,55.52,TM,78.87,1533525033
527,Issia,70.32,89,76,4.61,6.49,-6.58,CI,70.32,1533525034
528,Kumluca,52.86,84,8,1.59,36.37,30.29,TR,52.86,1533525034
529,Provost,66.81,73,0,3.38,52.35,-110.26,CA,66.81,1533525035
530,Chippewa Falls,73.38,83,1,3.36,44.94,-91.39,US,75.2,1533524160
531,Fairbanks,60.17,87,90,9.17,64.84,-147.72,US,60.8,1533520740
532,Akdepe,80.1,47,0,13.87,42.05,59.39,TM,82.4,1533522600
533,Tshikapa,66.72,85,0,2.15,-6.42,20.79,CD,66.72,1533525036
534,Osakarovka,71.76,65,44,7.63,50.56,72.58,KZ,71.76,1533525037
535,Poum,57.2,87,0,4.7,41.28,20.71,MK,57.2,1533524400
536,Jinchang,62.4,98,100,2.93,38.52,102.19,CN,62.4,1533525037
537,Lixourion,74.77,39,20,3.36,38.2,20.43,GR,78.8,1533523800
538,Vanavara,57.54,94,92,7.74,60.35,102.28,RU,57.54,1533525038
539,Maxixe,68.43,100,0,10.2,-23.86,35.35,MZ,68.43,1533525038
540,Pensilvania,66.27,95,44,1.14,5.38,-75.16,CO,66.27,1533525039
541,Obra,77.52,98,92,5.5,24.47,82.99,IN,77.52,1533525039
542,Bom Jesus,77.0,78,20,5.82,-5.99,-35.58,BR,77.0,1533520800
543,Vanimo,81.75,100,76,6.96,-2.67,141.3,PG,81.75,1533525041
544,Kibuye,55.2,93,20,4.61,-2.07,29.35,RW,55.2,1533525041
545,Bon Air,71.58,100,1,2.37,37.52,-77.56,US,73.4,1533524160
546,Honningsvag,46.4,93,75,8.05,70.98,25.97,NO,46.4,1533523800
547,Jacareacanga,77.97,82,0,1.92,-6.22,-57.76,BR,77.97,1533525043
548,Fez,78.8,31,0,3.36,34.03,-5.02,MA,78.8,1533522600
549,Ayutla,60.42,100,92,2.71,20.13,-104.35,MX,60.42,1533525044
550,Spas,60.8,93,0,2.24,50.05,24.48,UA,60.8,1533522600
551,Baza,57.81,82,0,1.59,37.49,-2.77,ES,57.81,1533525044
552,Umm Lajj,77.16,100,8,3.94,25.02,37.27,SA,77.16,1533524819
553,Kloulklubed,86.0,74,75,8.05,7.04,134.26,PW,86.0,1533523800
554,Brandfort,30.72,68,0,3.38,-28.7,26.46,ZA,30.72,1533525045
555,Thiers,68.0,72,0,1.12,45.86,3.55,FR,68.0,1533524400
556,Mozarlandia,68.97,78,0,2.71,-14.74,-50.57,BR,68.97,1533525046
557,Chiang Rai,78.8,88,75,5.82,19.9,99.84,TH,78.8,1533520800
558,Tuatapere,49.35,100,8,3.27,-46.13,167.69,NZ,49.35,1533525047
559,Miramar,71.6,68,0,9.17,10.09,-84.73,CR,71.6,1533520800
560,Grand Gaube,68.0,64,20,9.17,-20.01,57.66,MU,68.0,1533520800
561,Balabac,84.27,97,68,23.06,7.99,117.06,PH,84.27,1533525048
562,Wencheng,82.2,84,48,2.71,27.79,120.09,CN,82.2,1533525048
563,Neiafu,69.8,83,75,9.17,-18.65,-173.98,TO,69.8,1533524400
564,Mana,58.06,100,0,1.12,43.52,20.24,RS,59.0,1533524400
565,Kudahuvadhoo,80.85,100,64,9.64,2.67,72.89,MV,80.85,1533525050
566,Opuwo,50.79,59,0,3.15,-18.06,13.84,NA,50.79,1533525050
567,Xining,65.64,72,56,3.49,36.62,101.77,CN,65.64,1533525050
568,Tocache,56.01,90,48,0.58,-8.19,-76.51,PE,56.01,1533525051
569,Jining,93.99,78,8,4.61,35.41,116.58,CN,93.99,1533525051
570,Necochea,48.27,71,0,11.65,-38.55,-58.74,AR,48.27,1533525051
571,Mogadishu,75.27,100,88,14.12,2.04,45.34,SO,75.27,1533525052
572,Laredo,80.6,69,1,8.05,27.51,-99.51,US,80.6,1533524160
573,Eureka,60.06,87,1,11.41,40.8,-124.16,US,60.8,1533522900
574,Grootfontein,51.51,59,0,3.83,-19.56,18.1,NA,51.51,1533525053
575,Beyneu,71.76,74,0,4.5,45.32,55.19,KZ,71.76,1533524931
